Year,CO2 (ppm); RCP 2.6,CO2 (ppm); RCP 4.5,CO2 (ppm); RCP 6.0,CO2 (ppm); RCP 8.5
1750,276.8,276.8,276.8,276.8
1755,276.7,276.7,276.7,276.7
1760,276.5,276.5,276.5,276.5
1765,276.6,276.6,276.6,276.6
1770,277.3,277.3,277.3,277.3
1775,278,278,278,278
1780,278.2,278.2,278.2,278.2
1785,278.6,278.6,278.6,278.6
1790,280,280,280,280
1795,281.4,281.4,281.4,281.4
1800,282.6,282.6,282.6,282.6
1805,283.6,283.6,283.6,283.6
1810,284.2,284.2,284.2,284.2
1815,284,284,284,284
1820,283.3,283.3,283.3,283.3
1825,283.1,283.1,283.1,283.1
1830,283.8,283.8,283.8,283.8
1835,283.9,283.9,283.9,283.9
1840,284.1,284.1,284.1,284.1
1845,285.8,285.8,285.8,285.8
1850,286.8,286.8,286.8,286.8
1855,286.4,286.4,286.4,286.4
1860,286.1,286.1,286.1,286.1
1865,286.3,286.3,286.3,286.3
1870,288,288,288,288
1875,289.4,289.4,289.4,289.4
1880,289.8,289.8,289.8,289.8
1885,290.9,290.9,290.9,290.9
1890,293.1,293.1,293.1,293.1
1895,295.4,295.4,295.4,295.4
1900,296.2,296.2,296.2,296.2
1905,297.4,297.4,297.4,297.4
1910,299.3,299.3,299.3,299.3
1915,301.1,301.1,301.1,301.1
1920,303.3,303.3,303.3,303.3
1925,304.7,304.7,304.7,304.7
1930,306.6,306.6,306.6,306.6
1935,308.4,308.4,308.4,308.4
1940,310.4,310.4,310.4,310.4
1945,310.9,310.9,310.9,310.9
1950,311.2,311.2,311.2,311.2
1955,313.4,313.4,313.4,313.4
1956,314,314,314,314
1957,314.6,314.6,314.6,314.6
1958,315.3,315.3,315.3,315.3
1959,315.98,315.98,315.98,315.98
1960,316.91,316.91,316.91,316.91
1961,317.64,317.64,317.64,317.64
1962,318.45,318.45,318.45,318.45
1963,318.99,318.99,318.99,318.99
1964,319.62,319.62,319.62,319.62
1965,320.04,320.04,320.04,320.04
1966,321.37,321.37,321.37,321.37
1967,322.18,322.18,322.18,322.18
1968,323.05,323.05,323.05,323.05
1969,324.62,324.62,324.62,324.62
1970,325.68,325.68,325.68,325.68
1971,326.32,326.32,326.32,326.32
1972,327.46,327.46,327.46,327.46
1973,329.68,329.68,329.68,329.68
1974,330.19,330.19,330.19,330.19
1975,331.12,331.12,331.12,331.12
1976,332.03,332.03,332.03,332.03
1977,333.84,333.84,333.84,333.84
1978,335.41,335.41,335.41,335.41
1979,336.84,336.84,336.84,336.84
1980,338.76,338.76,338.76,338.76
1981,340.12,340.12,340.12,340.12
1982,341.48,341.48,341.48,341.48
1983,343.15,343.15,343.15,343.15
1984,344.85,344.85,344.85,344.85
1985,346.35,346.35,346.35,346.35
1986,347.61,347.61,347.61,347.61
1987,349.31,349.31,349.31,349.31
1988,351.69,351.69,351.69,351.69
1989,353.2,353.2,353.2,353.2
1990,354.45,354.45,354.45,354.45
1991,355.7,355.7,355.7,355.7
1992,356.54,356.54,356.54,356.54
1993,357.21,357.21,357.21,357.21
1994,358.96,358.96,358.96,358.96
1995,360.97,360.97,360.97,360.97
1996,362.74,362.74,362.74,362.74
1997,363.88,363.88,363.88,363.88
1998,366.84,366.84,366.84,366.84
1999,368.54,368.54,368.54,368.54
2000,369.71,369.71,369.71,369.71
2001,371.32,371.32,371.32,371.32
2002,373.45,373.45,373.45,373.45
2003,375.98,375.98,375.98,375.98
2004,377.7,377.7,377.7,377.7
2005,379.98,379.98,379.98,379.98
2006,382.09,382.09,382.09,382.09
2007,384.03,384.03,384.03,384.03
2008,385.83,385.83,385.83,385.83
2009,387.64,387.64,387.64,387.64
2010,390.1,390.1,390.1,390.1
2011,391.85,391.85,391.85,391.85
2012,394.06,394.06,394.06,394.06
2013,396.74,396.74,396.74,396.74
2014,398.87,398.87,398.87,398.87
2015,401.01,401.01,401.01,401.01
2016,404.41,404.41,404.41,404.41
2017,406.76,406.76,406.76,406.76
2018,408.72,408.72,408.72,408.72
2019,411.66,411.66,411.66,411.66
2020,412.1,411.1,409.4,415.8
2030,430.8,435.0,428.9,448.8
2040,440.2,460.8,450.7,489.4
2050,442.7,486.5,477.7,540.5
2060,441.7,508.9,510.6,603.5
2070,437.5,524.3,549.8,677.1
2080,431.6,531.1,594.3,758.2
2090,426.0,533.7,635.6,844.8
2100,420.9,538.4,669.7,935.9